title,video_id,published_at,video_url,video_downloaded,last_updated,caption_downloaded,video_embedding,text_embedding
Why do planes fly so high?,zeZddwimLc8,2025-05-21T14:31:31Z,https://youtube.com/watch?v=zeZddwimLc8,True,2025-06-10 16:12:10,True,True,True
How One Company Secretly Poisoned The Planet,SC2eSujzrUY,2025-05-14T14:07:28Z,https://youtube.com/watch?v=SC2eSujzrUY,True,2025-06-10 16:19:20,True,True,True
The Most Dangerous Building in Manhattan,Q56PMJbCFXQ,2025-04-26T20:07:58Z,https://youtube.com/watch?v=Q56PMJbCFXQ,True,2025-06-10 16:22:04,True,True,True
Why we put spiders on soccer balls,4LYlMqBXTJI,2025-04-22T16:41:43Z,https://youtube.com/watch?v=4LYlMqBXTJI,True,2025-06-10 16:22:22,True,True,True
The Hole In Relativity Einstein Didn’t Predict,lcjdwSY2AzM,2025-04-14T16:31:04Z,https://youtube.com/watch?v=lcjdwSY2AzM,True,2025-06-10 17:02:06,True,True,True
Can you solve this SAT question?,ZC98ZK6Ivug,2025-04-08T16:59:15Z,https://youtube.com/watch?v=ZC98ZK6Ivug,True,2025-06-10 17:02:16,True,True,True
The Man Who Almost Broke Math (And Himself...),_cr46G2K5Fo,2025-04-02T10:31:01Z,https://youtube.com/watch?v=_cr46G2K5Fo,True,2025-06-10 17:04:01,True,True,True
Can you solve the prisoner's riddle?,DCiPrr-dQyw,2025-03-24T15:46:32Z,https://youtube.com/watch?v=DCiPrr-dQyw,True,2025-06-10 17:04:29,True,True,True
Why Did The Mars Helicopter Disappear?,20vUNgRdB4o,2025-03-20T22:41:55Z,https://youtube.com/watch?v=20vUNgRdB4o,True,2025-06-10 17:07:11,True,True,True
Something Strange Happens When You Trust Quantum Mechanics,qJZ1Ez28C-A,2025-03-05T02:22:56Z,https://youtube.com/watch?v=qJZ1Ez28C-A,True,2025-06-10 17:09:43,True,True,True
The Google Interview Question Everyone Gets Wrong,dFVrncgIvos,2025-02-18T16:03:35Z,https://youtube.com/watch?v=dFVrncgIvos,True,2025-06-10 17:12:00,True,True,True
This Is The Perfect Bowling Strategy,mqo1lQL59VI,2025-02-14T16:49:48Z,https://youtube.com/watch?v=mqo1lQL59VI,True,2025-06-10 17:12:09,True,True,True
The Most Useful Thing AI Has Ever Done,P_fHJIYENdI,2025-02-10T14:03:41Z,https://youtube.com/watch?v=P_fHJIYENdI,True,2025-06-10 17:15:37,True,True,True
What if you just keep zooming in?,88bMVbx1dzM,2025-02-05T15:02:34Z,https://youtube.com/watch?v=88bMVbx1dzM,True,2025-06-10 17:17:41,True,True,True
Why Super Glue Is Perfect For Gluing Skin,Ni82f1-cAXg,2025-01-28T19:17:22Z,https://youtube.com/watch?v=Ni82f1-cAXg,True,2025-06-10 17:20:56,True,True,True
Why Is MIT Making Robot Insects?,H6q6pYZ9Fho,2025-01-21T16:58:06Z,https://youtube.com/watch?v=H6q6pYZ9Fho,True,2025-06-10 17:23:18,True,True,True
Why Don’t Railroads Need Expansion Joints?,Rdj5-6t6QI8,2025-01-01T07:00:06Z,https://youtube.com/watch?v=Rdj5-6t6QI8,True,2025-06-10 18:20:33,True,True,True
The Man Who Took LSD and Changed The World,zaXKQ70q4KQ,2024-12-26T14:11:09Z,https://youtube.com/watch?v=zaXKQ70q4KQ,True,2025-06-10 18:23:48,True,True,True
"This Is the Oldest, Weirdest Instrument On Earth",rjXZzB5bUAo,2024-12-19T18:40:28Z,https://youtube.com/watch?v=rjXZzB5bUAo,True,2025-06-10 18:24:25,True,True,True
Explaining Pi With Pizza,pgGrQjYcm5A,2024-12-11T15:00:36Z,https://youtube.com/watch?v=pgGrQjYcm5A,True,2025-06-10 18:24:29,True,True,True
34 Years Of Strandbeest Evolution,IFaAjR_RRJs,2024-12-07T00:58:14Z,https://youtube.com/watch?v=IFaAjR_RRJs,True,2025-06-10 18:26:11,True,True,True
Why no two people see the same rainbow,24GfgNtnjXc,2024-12-01T11:19:12Z,https://youtube.com/watch?v=24GfgNtnjXc,True,2025-06-10 18:27:57,True,True,True
How Dishwashers Actually Work,NKG0pRwTC5A,2024-11-24T20:22:23Z,https://youtube.com/watch?v=NKG0pRwTC5A,True,2025-06-10 18:28:07,True,True,True
What Actually Happened To Amelia Earhart?,zTDFhWWPZ4Q,2024-11-20T18:27:03Z,https://youtube.com/watch?v=zTDFhWWPZ4Q,True,2025-06-10 18:31:15,True,True,True
The BEST way to tie your shoelaces,0MX-5BDeEnA,2024-11-16T15:01:57Z,https://youtube.com/watch?v=0MX-5BDeEnA,True,2025-06-10 18:31:18,True,True,True
The Most Important Material Ever Made,2oDXbFcHliM,2024-11-13T20:21:24Z,https://youtube.com/watch?v=2oDXbFcHliM,True,2025-06-10 18:33:06,True,True,True
"On These Questions, Smarter People Do Worse",zB_OApdxcno,2024-11-04T16:48:03Z,https://youtube.com/watch?v=zB_OApdxcno,True,2025-06-11 07:37:58,True,True,True
The Closest We’ve Come to a Theory of Everything,Q10_srZ-pbs,2024-10-29T12:09:04Z,https://youtube.com/watch?v=Q10_srZ-pbs,True,2025-06-11 07:39:28,True,True,True
The real science of black holes,ORxKf1FN3ro,2024-10-16T15:05:39Z,https://youtube.com/watch?v=ORxKf1FN3ro,True,2025-06-11 07:39:30,True,True,True
We Might Find Alien Life In 2120 Days,DJO_9auJhJQ,2024-10-11T18:25:50Z,https://youtube.com/watch?v=DJO_9auJhJQ,True,2025-06-11 07:40:56,True,True,True
"People said this experiment was impossible, so I tried it - Thermite Part 1",cUBz04LlLVk,2024-10-05T17:27:38Z,https://youtube.com/watch?v=cUBz04LlLVk,True,2025-06-11 07:43:19,True,True,True
I built a QR code with my bare hands to see how it works,w5ebcowAJD8,2024-09-30T18:51:21Z,https://youtube.com/watch?v=w5ebcowAJD8,True,2025-06-11 07:45:53,True,True,True
Exposing The Flaw In Our Phone System,wVyu7NB7W6Y,2024-09-21T23:10:47Z,https://youtube.com/watch?v=wVyu7NB7W6Y,True,2025-06-11 07:48:33,True,True,True
What Everyone Gets Wrong About Planes,vjDYfvPW4mA,2024-08-31T23:50:38Z,https://youtube.com/watch?v=vjDYfvPW4mA,True,2025-06-11 07:49:50,True,True,True
Why Democracy Is Mathematically Impossible,qf7ws2DF-zk,2024-08-27T21:04:56Z,https://youtube.com/watch?v=qf7ws2DF-zk,True,2025-06-11 07:51:45,True,True,True
What Do You Hear?,nhW0FLEqUkk,2024-08-16T20:38:04Z,https://youtube.com/watch?v=nhW0FLEqUkk,True,2025-06-11 07:51:50,True,True,True
These Illusions Fool Almost Everyone,Sn07AMCfaAI,2024-08-14T17:05:19Z,https://youtube.com/watch?v=Sn07AMCfaAI,True,2025-06-11 07:53:49,True,True,True
The Real Reason Robots Shouldn’t Look Like Humans | Supercut,eLVAMG_3fLg,2024-07-31T18:55:46Z,https://youtube.com/watch?v=eLVAMG_3fLg,True,2025-06-11 11:12:37,True,True,True
Why People Prefer More Pain,v4r71kEdYME,2024-06-25T20:23:20Z,https://youtube.com/watch?v=v4r71kEdYME,True,2025-06-11 08:06:13,True,True,True
What Jumping Spiders Teach Us About Color,nfAqTSjMBJk,2024-05-30T19:24:55Z,https://youtube.com/watch?v=nfAqTSjMBJk,True,2025-06-11 08:10:25,True,True,True
This phone trick is IMPOSSIBLE,WKvAsz3RoRE,2024-05-17T15:39:46Z,https://youtube.com/watch?v=WKvAsz3RoRE,True,2025-06-11 08:10:27,True,True,True
The Terrifying Real Science Of Avalanches,Zce-V0YVzeI,2024-05-03T16:12:18Z,https://youtube.com/watch?v=Zce-V0YVzeI,True,2025-06-11 08:14:41,True,True,True
Something Strange Happens When You Follow Einstein's Math,6akmv1bsz1M,2024-04-30T06:16:58Z,https://youtube.com/watch?v=6akmv1bsz1M,True,2025-06-11 08:18:33,True,True,True
The most dangerous problem in math,8fNFd2Xswjs,2024-04-24T15:44:56Z,https://youtube.com/watch?v=8fNFd2Xswjs,True,2025-06-11 08:18:38,True,True,True
How bikes *actually* work,scliyWrN7mk,2024-04-17T16:20:50Z,https://youtube.com/watch?v=scliyWrN7mk,True,2025-06-11 08:18:41,True,True,True
"I call this the 'No, You Don't' Law",2FLqOI9jw-E,2024-04-10T17:11:15Z,https://youtube.com/watch?v=2FLqOI9jw-E,True,2025-06-11 08:18:46,True,True,True
Congress is about to make a huge mistake for astronomy #SaveChandra,sE-RUu9ClsU,2024-04-04T20:28:58Z,https://youtube.com/watch?v=sE-RUu9ClsU,True,2025-06-11 08:19:03,True,True,True
Why is this number everywhere?,d6iQrh2TK98,2024-03-28T18:48:10Z,https://youtube.com/watch?v=d6iQrh2TK98,True,2025-06-11 08:21:55,True,True,True
How Japanese Masters Turn Sand Into Swords,Tt6WQYtefXA,2024-03-21T20:56:45Z,https://youtube.com/watch?v=Tt6WQYtefXA,True,2025-06-11 08:24:55,True,True,True
I buried myself in concrete to explain how it works,dAik8EeDyEI,2024-03-13T17:47:21Z,https://youtube.com/watch?v=dAik8EeDyEI,True,2025-06-11 08:25:01,True,True,True
The Oldest Unsolved Problem in Math,Zrv1EDIqHkY,2024-03-08T00:36:07Z,https://youtube.com/watch?v=Zrv1EDIqHkY,True,2025-06-11 08:28:59,True,True,True
The Trillion Dollar Equation,A5w-dEgIU1M,2024-02-27T15:46:59Z,https://youtube.com/watch?v=A5w-dEgIU1M,True,2025-06-11 08:33:32,True,True,True
World's strongest magnet!,ov_7HT8bbX4,2024-02-21T17:22:53Z,https://youtube.com/watch?v=ov_7HT8bbX4,True,2025-06-11 08:33:37,True,True,True
Why It Was Almost Impossible to Make the Blue LED,AF8d72mA41M,2024-02-08T16:12:09Z,https://youtube.com/watch?v=AF8d72mA41M,True,2025-06-11 08:37:35,True,True,True
I waterproofed myself with aerogel!,QAWnEVa9vmw,2024-02-01T14:58:13Z,https://youtube.com/watch?v=QAWnEVa9vmw,True,2025-06-09 08:29:59,True,False,False
The Rainiest Place On Earth,lGJEihgN4OU,2024-01-26T17:50:45Z,https://youtube.com/watch?v=lGJEihgN4OU,True,2025-06-11 11:13:48,True,True,True
Do people understand the scale of the universe?,fG8SwAFQFuU,2024-01-15T21:02:07Z,https://youtube.com/watch?v=fG8SwAFQFuU,True,2025-06-11 11:15:27,True,True,True
"What Game Theory Reveals About Life, The Universe, and Everything",mScpHTIi-kM,2023-12-23T17:00:08Z,https://youtube.com/watch?v=mScpHTIi-kM,True,2025-06-11 11:17:48,True,True,True
How To Earthquake-Proof A House,Q51-gLL_MRM,2023-12-19T15:16:53Z,https://youtube.com/watch?v=Q51-gLL_MRM,True,2025-06-11 11:09:59,True,False,False
The SAT Question Everyone Got Wrong,FUHkTs-Ipfg,2023-11-30T14:13:48Z,https://youtube.com/watch?v=FUHkTs-Ipfg,True,2025-06-11 11:10:19,True,False,False
The Surprising Genius of Sewing Machines,RQYuyHNLPTQ,2023-11-22T21:47:40Z,https://youtube.com/watch?v=RQYuyHNLPTQ,True,2025-06-11 11:10:34,True,False,False
What The Longest Study on Happiness Reveals About What Makes for a Good Life,vSQjk9jKarg,2023-11-15T22:36:01Z,https://youtube.com/watch?v=vSQjk9jKarg,True,2025-06-11 11:10:50,True,False,False
How Do Night Vision Goggles Work?,UAeJHAFjwPM,2023-11-04T13:00:31Z,https://youtube.com/watch?v=UAeJHAFjwPM,True,2025-06-11 11:11:14,True,False,False
The Problem With Science Communication,czjisEGe5Cw,2023-10-31T23:00:20Z,https://youtube.com/watch?v=czjisEGe5Cw,True,2025-06-11 11:06:38,True,False,False
How One Line in the Oldest Math Text Hinted at Hidden Universes,lFlu60qs7_4,2023-10-21T16:31:35Z,https://youtube.com/watch?v=lFlu60qs7_4,True,2025-06-11 11:11:38,True,False,False
The Man Who Killed Millions and Saved Billions (Clean Version),QQkmJI63ykI,2023-10-07T17:45:44Z,https://youtube.com/watch?v=QQkmJI63ykI,True,2025-06-11 11:12:01,True,False,False
Pushing The Limits Of Extreme Breath-Holding,Is2Lip1cJUc,2023-09-30T16:39:15Z,https://youtube.com/watch?v=Is2Lip1cJUc,True,2025-06-11 11:12:22,True,False,False
How Humanity Almost Destroyed Itself,ILgSesWMUEI,2023-09-11T17:41:27Z,https://youtube.com/watch?v=ILgSesWMUEI,True,2025-06-11 11:07:06,True,False,False
The Insane Math Of Knot Theory,8DBhTXM_Br4,2023-09-03T13:54:14Z,https://youtube.com/watch?v=8DBhTXM_Br4,False,,False,False,False
Should Airships Make A Comeback?,ZjBgEkbnX2I,2023-08-31T14:59:55Z,https://youtube.com/watch?v=ZjBgEkbnX2I,False,,False,False,False
I Took an IQ Test to Find Out What it Actually Measures,FkKPsLxgpuY,2023-08-03T16:49:08Z,https://youtube.com/watch?v=FkKPsLxgpuY,False,,False,False,False
The Real Story of Oppenheimer,Xzv84ZdtlE0,2023-07-18T23:28:16Z,https://youtube.com/watch?v=Xzv84ZdtlE0,False,,False,False,False
The Hidden Science of Fireworks,lfkjm2YRG-Q,2023-07-07T17:43:14Z,https://youtube.com/watch?v=lfkjm2YRG-Q,False,,False,False,False
The Most Misunderstood Concept in Physics,DxL2HoqLbyA,2023-07-01T16:08:04Z,https://youtube.com/watch?v=DxL2HoqLbyA,False,,False,False,False
I Vacuum Venom from the World's Deadliest Spider,6bgNm9l_3qU,2023-06-21T14:01:56Z,https://youtube.com/watch?v=6bgNm9l_3qU,False,,False,False,False
Something Strange Happens When You Keep Squaring,tRaq4aYPzCc,2023-06-06T13:43:15Z,https://youtube.com/watch?v=tRaq4aYPzCc,False,,False,False,False
The Fastest Maze-Solving Competition On Earth,ZMQbHMgK2rw,2023-05-24T17:39:57Z,https://youtube.com/watch?v=ZMQbHMgK2rw,False,,False,False,False
Why The First Computers Were Made Out Of Light Bulbs,FU_YFpfDqqA,2023-05-13T14:06:52Z,https://youtube.com/watch?v=FU_YFpfDqqA,False,,False,False,False
How NASA Reinvented The Wheel,vSNtifE0Z2Q,2023-04-29T15:48:36Z,https://youtube.com/watch?v=vSNtifE0Z2Q,False,,False,False,False
Getting Buried In Concrete To Explain How It Works,rWVAzS5duAs,2023-04-14T17:24:46Z,https://youtube.com/watch?v=rWVAzS5duAs,False,,False,False,False
The illusion only some can see,w7yFikRD_iQ,2023-04-02T01:41:19Z,https://youtube.com/watch?v=w7yFikRD_iQ,False,,False,False,False
How Quantum Computers Break The Internet... Starting Now,-UrdExQW0cs,2023-03-20T18:42:22Z,https://youtube.com/watch?v=-UrdExQW0cs,False,,False,False,False
World's Strongest Magnet!,g0amdIcZt5I,2023-03-14T16:59:41Z,https://youtube.com/watch?v=g0amdIcZt5I,False,,False,False,False
The Damaged Chernobyl Reactor,LCQu8EXiDAA,2023-03-07T19:07:32Z,https://youtube.com/watch?v=LCQu8EXiDAA,False,,False,False,False
Microwaving grapes makes plasma,LY6xeFpBeMQ,2023-02-25T17:39:47Z,https://youtube.com/watch?v=LY6xeFpBeMQ,False,,False,False,False
World's Roundest Object,uDeQB9OkoXY,2023-02-19T20:44:41Z,https://youtube.com/watch?v=uDeQB9OkoXY,False,,False,False,False
The Most Controversial Problem in Philosophy,XeSu9fBJ2sI,2023-02-11T17:58:50Z,https://youtube.com/watch?v=XeSu9fBJ2sI,False,,False,False,False
Raindrops aren't shaped like raindrops,Ko02mUWhItA,2023-02-03T19:24:54Z,https://youtube.com/watch?v=Ko02mUWhItA,False,,False,False,False
The stickiest *non-sticky* material,rmxh8Nty_eo,2023-01-28T16:22:59Z,https://youtube.com/watch?v=rmxh8Nty_eo,False,,False,False,False
The Stickiest *Non-Sticky* Substance,vS0TuIPoeBs,2023-01-23T16:47:09Z,https://youtube.com/watch?v=vS0TuIPoeBs,False,,False,False,False
The ring on a chain trick,Tmy7VYhZEKQ,2023-01-18T21:12:01Z,https://youtube.com/watch?v=Tmy7VYhZEKQ,False,,False,False,False
Falling ladders - why does this happen?,n8WxkqMRgS4,2023-01-12T17:24:24Z,https://youtube.com/watch?v=n8WxkqMRgS4,False,,False,False,False
Indestructible coating?!,P_MSlxczd94,2022-12-31T16:32:25Z,https://youtube.com/watch?v=P_MSlxczd94,False,,False,False,False
The Science Behind Dogs' Incredible Sense Of Smell,TILjzuBGkRc,2022-12-24T21:10:10Z,https://youtube.com/watch?v=TILjzuBGkRc,False,,False,False,False
Testing the US Military’s Worst Idea,J_n1FZaKzF8,2022-12-21T17:56:57Z,https://youtube.com/watch?v=J_n1FZaKzF8,False,,False,False,False
How To Measure The Tiniest Forces In The Universe,pXoZQsZP2PY,2022-12-12T15:53:57Z,https://youtube.com/watch?v=pXoZQsZP2PY,False,,False,False,False
Inside The Navy's Indoor Ocean,pir_muTzYM8,2022-12-01T14:00:31Z,https://youtube.com/watch?v=pir_muTzYM8,False,,False,False,False
What’s in a candle flame?,QiVgJPVKRGI,2022-11-23T20:12:06Z,https://youtube.com/watch?v=QiVgJPVKRGI,False,,False,False,False
The world depends on a collection of strange items. They're not cheap,esQyYGezS7c,2022-11-19T14:00:24Z,https://youtube.com/watch?v=esQyYGezS7c,False,,False,False,False
What if a star explodes near Earth?,evUfG3lrk5U,2022-11-15T14:00:19Z,https://youtube.com/watch?v=evUfG3lrk5U,False,,False,False,False
The Most Important Algorithm Of All Time,nmgFG7PUHfo,2022-11-03T12:52:34Z,https://youtube.com/watch?v=nmgFG7PUHfo,False,,False,False,False
Why do we launch rockets from Florida?,NdWFCygzr8k,2022-10-06T01:05:05Z,https://youtube.com/watch?v=NdWFCygzr8k,False,,False,False,False
How Dangerous is a Penny Dropped From a Skyscraper?,16Ci_2bN_zc,2022-10-01T15:00:11Z,https://youtube.com/watch?v=16Ci_2bN_zc,False,,False,False,False
World's Highest Jumping Robot,daaDuC1kbds,2022-08-31T13:00:16Z,https://youtube.com/watch?v=daaDuC1kbds,False,,False,False,False
The 4 things it takes to be an expert,5eW6Eagr9XA,2022-08-02T16:51:13Z,https://youtube.com/watch?v=5eW6Eagr9XA,False,,False,False,False
The Man Who Killed Millions and Saved Billions,EvknN89JoWo,2022-07-22T17:03:09Z,https://youtube.com/watch?v=EvknN89JoWo,False,,False,False,False
The Riddle That Seems Impossible Even If You Know The Answer,iSNsgj1OCLA,2022-06-30T12:20:58Z,https://youtube.com/watch?v=iSNsgj1OCLA,False,,False,False,False
The Absurd Search For Dark Matter,6etTERFUlUI,2022-06-02T12:06:02Z,https://youtube.com/watch?v=6etTERFUlUI,False,,False,False,False
How did they actually take this picture? (Very Long Baseline Interferometry),Q1bSDnuIPbo,2022-05-12T14:52:13Z,https://youtube.com/watch?v=Q1bSDnuIPbo,False,,False,False,False
How Electricity Actually Works,oI_X2cMHNe0,2022-04-29T13:59:54Z,https://youtube.com/watch?v=oI_X2cMHNe0,False,,False,False,False
The Man Who Accidentally Killed The Most People In History,IV3dnLzthDA,2022-04-22T15:37:40Z,https://youtube.com/watch?v=IV3dnLzthDA,False,,False,False,False
How Horses Save Humans From Snakebites,7ziWrneMYss,2022-03-22T11:55:53Z,https://youtube.com/watch?v=7ziWrneMYss,False,,False,False,False
Future Computers Will Be Radically Different (Analog Computing),GVsUOuSjvcg,2022-03-01T11:37:38Z,https://youtube.com/watch?v=GVsUOuSjvcg,False,,False,False,False
The Most Powerful Computers You've Never Heard Of,IgF3OX8nT0w,2021-12-21T19:32:53Z,https://youtube.com/watch?v=IgF3OX8nT0w,False,,False,False,False
The Snowflake Myth,ao2Jfm35XeE,2021-12-01T07:35:28Z,https://youtube.com/watch?v=ao2Jfm35XeE,False,,False,False,False
Most People Don't Know How Bikes Work,9cNmUNHSBac,2021-11-28T15:00:07Z,https://youtube.com/watch?v=9cNmUNHSBac,False,,False,False,False
The Big Misconception About Electricity,bHIhgxav9LY,2021-11-19T18:26:03Z,https://youtube.com/watch?v=bHIhgxav9LY,False,,False,False,False
How Imaginary Numbers Were Invented,cUzklzVXJwo,2021-11-01T06:54:16Z,https://youtube.com/watch?v=cUzklzVXJwo,False,,False,False,False
I Rented A Helicopter To Settle A Physics Debate,q-_7y0WUnW4,2021-10-27T14:00:34Z,https://youtube.com/watch?v=q-_7y0WUnW4,False,,False,False,False
"A Robot That Walks, Flies, Skateboards, Slacklines",H1_OpWiyijU,2021-10-16T14:03:41Z,https://youtube.com/watch?v=H1_OpWiyijU,False,,False,False,False
How They Caught The Golden State Killer,KT18KJouHWg,2021-09-30T16:20:07Z,https://youtube.com/watch?v=KT18KJouHWg,False,,False,False,False
How Hidden Technology Transformed Bowling,aFPJf-wKTd0,2021-09-25T12:02:22Z,https://youtube.com/watch?v=aFPJf-wKTd0,False,,False,False,False
Why Scorpions Glow in the Dark,f-Nr2z5X7Rs,2021-09-03T15:11:48Z,https://youtube.com/watch?v=f-Nr2z5X7Rs,False,,False,False,False
The Universe is Hostile to Computers,AaZ_RSt0KP8,2021-08-31T16:51:31Z,https://youtube.com/watch?v=AaZ_RSt0KP8,False,,False,False,False
Clickbait is Unreasonably Effective,S2xHZPH5Sng,2021-08-17T11:38:34Z,https://youtube.com/watch?v=S2xHZPH5Sng,False,,False,False,False
The Genius of 3D Printed Rockets,kz165f1g8-E,2021-08-12T15:23:23Z,https://youtube.com/watch?v=kz165f1g8-E,False,,False,False,False
The Simplest Math Problem No One Can Solve - Collatz Conjecture,094y1Z2wpJg,2021-07-30T14:16:19Z,https://youtube.com/watch?v=094y1Z2wpJg,False,,False,False,False
Why You Should Want Driverless Cars On Roads Now,yjztvddhZmI,2021-07-23T13:45:20Z,https://youtube.com/watch?v=yjztvddhZmI,False,,False,False,False
How a slinky falls in slow motion #shorts,k5s1cMNTmGs,2021-07-19T20:48:32Z,https://youtube.com/watch?v=k5s1cMNTmGs,False,,False,False,False
The Biggest Myth In Education,rhgwIhB58PA,2021-07-09T14:27:22Z,https://youtube.com/watch?v=rhgwIhB58PA,False,,False,False,False
"A Physics Prof Bet Me $10,000 I'm Wrong",yCsgoLc_fzI,2021-06-30T18:31:01Z,https://youtube.com/watch?v=yCsgoLc_fzI,False,,False,False,False
The Longest-Running Evolution Experiment,w4sLAQvEH-M,2021-06-16T15:36:29Z,https://youtube.com/watch?v=w4sLAQvEH-M,False,,False,False,False
Risking My Life To Settle A Physics Debate,jyQwgBAaBag,2021-05-29T16:14:37Z,https://youtube.com/watch?v=jyQwgBAaBag,False,,False,False,False
Math's Fundamental Flaw,HeQX2HjkcNo,2021-05-22T14:23:50Z,https://youtube.com/watch?v=HeQX2HjkcNo,False,,False,False,False
How An Infinite Hotel Ran Out Of Room,OxGsU8oIWjY,2021-05-10T16:02:12Z,https://youtube.com/watch?v=OxGsU8oIWjY,False,,False,False,False
This Unstoppable Robot Could Save Your Life,qevIIQHrJZg,2021-04-16T14:11:43Z,https://youtube.com/watch?v=qevIIQHrJZg,False,,False,False,False
The Surprising Secret of Synchronization,t-_VPRCtiUg,2021-03-31T13:29:46Z,https://youtube.com/watch?v=t-_VPRCtiUg,False,,False,False,False
This is why we can't have nice things,j5v8D-alAKE,2021-03-26T17:01:54Z,https://youtube.com/watch?v=j5v8D-alAKE,False,,False,False,False
The Discovery That Transformed Pi,gMlf1ELvRzc,2021-03-16T13:00:20Z,https://youtube.com/watch?v=gMlf1ELvRzc,False,,False,False,False
Why Robots That Bend Are Better,058hRtaCWC0,2021-02-18T13:32:23Z,https://youtube.com/watch?v=058hRtaCWC0,False,,False,False,False
I Asked Bill Gates What's The Next Crisis?,Grv1RJkdyqI,2021-02-04T14:00:03Z,https://youtube.com/watch?v=Grv1RJkdyqI,False,,False,False,False
The Explosive Element That Changed The World,YMDJA4UvXLA,2021-01-27T14:00:08Z,https://youtube.com/watch?v=YMDJA4UvXLA,False,,False,False,False
Q&A + Giveaway for 10 Years on YouTube,0dqX3NjwaQs,2021-01-07T21:10:38Z,https://youtube.com/watch?v=0dqX3NjwaQs,False,,False,False,False
The Illusion Only Some People Can See,dBap_Lp-0oc,2020-12-31T14:29:14Z,https://youtube.com/watch?v=dBap_Lp-0oc,False,,False,False,False
These are the asteroids to worry about,4Wrc4fHSCpw,2020-11-30T15:17:09Z,https://youtube.com/watch?v=4Wrc4fHSCpw,False,,False,False,False
Why No One Has Measured The Speed Of Light,pTn6Ewhb27k,2020-10-31T12:00:21Z,https://youtube.com/watch?v=pTn6Ewhb27k,False,,False,False,False
What Actually Expands In An Expanding Universe?,9DrBQg_n2Uo,2020-10-23T18:39:04Z,https://youtube.com/watch?v=9DrBQg_n2Uo,False,,False,False,False
How One Supernova Measured The Universe,ljoeOLuX6Z4,2020-10-20T19:29:12Z,https://youtube.com/watch?v=ljoeOLuX6Z4,False,,False,False,False
How Gravity Actually Works,XRr1kaXKBsU,2020-10-09T17:02:41Z,https://youtube.com/watch?v=XRr1kaXKBsU,False,,False,False,False
The Infinite Pattern That Never Repeats,48sCx-wBs34,2020-09-30T22:18:06Z,https://youtube.com/watch?v=48sCx-wBs34,False,,False,False,False
How Kodak Exposed Nuclear Testing,7pSqk-XV2QM,2020-09-16T18:17:48Z,https://youtube.com/watch?v=7pSqk-XV2QM,False,,False,False,False
Is Success Luck or Hard Work?,3LopI4YeC4I,2020-08-28T15:14:45Z,https://youtube.com/watch?v=3LopI4YeC4I,False,,False,False,False
Is Dust Mostly Dead Skin?,jn5M48MVWyg,2020-08-18T12:00:12Z,https://youtube.com/watch?v=jn5M48MVWyg,False,,False,False,False
Half the universe was missing... until now,Kp_kqamkYpw,2020-07-31T22:13:30Z,https://youtube.com/watch?v=Kp_kqamkYpw,False,,False,False,False
The Launch of Perseverance to Mars,m85qDk849_o,2020-07-30T16:19:16Z,https://youtube.com/watch?v=m85qDk849_o,False,,False,False,False
Turbulent Flow is MORE Awesome Than Laminar Flow,5zI9sG3pjVU,2020-06-11T14:00:04Z,https://youtube.com/watch?v=5zI9sG3pjVU,False,,False,False,False
Parallel Worlds Probably Exist. Here’s Why,kTXTPe3wahc,2020-03-06T17:40:33Z,https://youtube.com/watch?v=kTXTPe3wahc,False,,False,False,False
This equation will change how you see the world (the logistic map),ovJcsL7vyrk,2020-01-29T19:35:46Z,https://youtube.com/watch?v=ovJcsL7vyrk,False,,False,False,False
Why New Years Resolutions Fail & How To Succeed,Pm9CQn07OjU,2019-12-28T18:07:19Z,https://youtube.com/watch?v=Pm9CQn07OjU,False,,False,False,False
How to Slow Aging (and even reverse it),QRt7LjqJ45k,2019-12-14T15:00:05Z,https://youtube.com/watch?v=QRt7LjqJ45k,False,,False,False,False
Chaos: The Science of the Butterfly Effect,fDek6cYijxI,2019-12-06T19:06:59Z,https://youtube.com/watch?v=fDek6cYijxI,False,,False,False,False
3 Perplexing Physics Problems,K-Fc08X56R0,2019-11-20T20:54:16Z,https://youtube.com/watch?v=K-Fc08X56R0,False,,False,False,False
Why Trees Are Out to Get You,-PWMQR59M68,2019-10-25T19:00:00Z,https://youtube.com/watch?v=-PWMQR59M68,False,,False,False,False
Engineering with Origami,ThwuT3_AG6w,2019-10-04T21:18:10Z,https://youtube.com/watch?v=ThwuT3_AG6w,False,,False,False,False
The Bizarre Behavior of Rotating Bodies,1VPfZ_XzisU,2019-09-19T15:50:15Z,https://youtube.com/watch?v=1VPfZ_XzisU,False,,False,False,False
Does Planet 9 Exist?,pe83T9hISoY,2019-09-13T14:07:46Z,https://youtube.com/watch?v=pe83T9hISoY,False,,False,False,False
Flamethrower vs Aerogel,qnOoDE9rj6w,2019-08-31T15:00:17Z,https://youtube.com/watch?v=qnOoDE9rj6w,False,,False,False,False
Making Liquid Nitrogen From Scratch!,dCXkaQa53QQ,2019-08-16T17:06:32Z,https://youtube.com/watch?v=dCXkaQa53QQ,False,,False,False,False
Mars Helicopter (before it went to Mars),GhsZUZmJvaM,2019-08-10T16:12:17Z,https://youtube.com/watch?v=GhsZUZmJvaM,False,,False,False,False
Why the Future of Cars is Electric,GATuMWAFBUA,2019-08-02T17:03:00Z,https://youtube.com/watch?v=GATuMWAFBUA,False,,False,False,False
Why Apollo Astronauts Trained in Nuclear Bomb Craters,E7uGvsT_nnM,2019-07-19T19:12:16Z,https://youtube.com/watch?v=E7uGvsT_nnM,False,,False,False,False
How Cod Saved the Vikings,BtCNBh0AsWM,2019-07-07T16:09:31Z,https://youtube.com/watch?v=BtCNBh0AsWM,False,,False,False,False
I Waterproofed Myself With Aerogel!,GcdB5bFwio4,2019-06-21T20:59:32Z,https://youtube.com/watch?v=GcdB5bFwio4,False,,False,False,False
Can You Swim in Shade Balls?,BZbChKzedEk,2019-06-13T16:42:25Z,https://youtube.com/watch?v=BZbChKzedEk,False,,False,False,False
World's Lightest Solid!,AeJ9q45PfD0,2019-05-31T16:40:50Z,https://youtube.com/watch?v=AeJ9q45PfD0,False,,False,False,False
My Video Went Viral. Here's Why,fHsa9DqmId8,2019-05-19T19:48:20Z,https://youtube.com/watch?v=fHsa9DqmId8,False,,False,False,False
"Why Are 96,000,000 Black Balls on This Reservoir?",uxPdPpi5W4o,2019-05-10T19:59:58Z,https://youtube.com/watch?v=uxPdPpi5W4o,False,,False,False,False
Magnetic Micro-Robots,N7lXymxsdhw,2019-04-25T14:32:32Z,https://youtube.com/watch?v=N7lXymxsdhw,False,,False,False,False
Three Awesome High School Science Projects,q3kSW633bsk,2019-04-19T14:00:07Z,https://youtube.com/watch?v=q3kSW633bsk,False,,False,False,False
First Image of a Black Hole!,S_GVbuddri8,2019-04-10T18:02:02Z,https://youtube.com/watch?v=S_GVbuddri8,False,,False,False,False
How to Understand What Black Holes Look Like,zUyH3XhpLTo,2019-04-09T13:00:10Z,https://youtube.com/watch?v=zUyH3XhpLTo,False,,False,False,False
How Was Video Invented?,rjDX5ItsOnQ,2019-03-29T17:13:34Z,https://youtube.com/watch?v=rjDX5ItsOnQ,False,,False,False,False
Can Humans Sense Magnetic Fields?,dg3pza4y2ws,2019-03-18T18:07:22Z,https://youtube.com/watch?v=dg3pza4y2ws,False,,False,False,False
Why Machines That Bend Are Better,97t7Xj_iBv0,2019-03-12T18:33:16Z,https://youtube.com/watch?v=97t7Xj_iBv0,False,,False,False,False
Can You Recover Sound From Images?,eUzB0L0mSCI,2019-03-01T16:03:31Z,https://youtube.com/watch?v=eUzB0L0mSCI,False,,False,False,False
Microwaving Grapes Makes Plasma,wCrtk-pyP0I,2019-02-18T20:00:11Z,https://youtube.com/watch?v=wCrtk-pyP0I,False,,False,False,False
Do Salt Lamps Work?,ZQ--scjcAZ4,2019-02-06T19:45:17Z,https://youtube.com/watch?v=ZQ--scjcAZ4,False,,False,False,False
The Inverse Leidenfrost Effect,M2CMH57hXmY,2019-01-25T17:54:50Z,https://youtube.com/watch?v=M2CMH57hXmY,False,,False,False,False
Spinning Black Holes,fu3645D4ZlI,2019-01-11T21:07:28Z,https://youtube.com/watch?v=fu3645D4ZlI,False,,False,False,False
The Best Test of General Relativity (by 2 Misplaced Satellites),aKwJayXTZUs,2018-12-23T15:00:00Z,https://youtube.com/watch?v=aKwJayXTZUs,False,,False,False,False
How Ultrasound Can Deactivate Parts of the Brain,qQhUxd82Rr0,2018-12-10T15:00:05Z,https://youtube.com/watch?v=qQhUxd82Rr0,False,,False,False,False
Five Firsts for Mars InSight,u3FB2SuKFfI,2018-11-26T08:48:26Z,https://youtube.com/watch?v=u3FB2SuKFfI,False,,False,False,False
"The kg is dead, long live the kg",c_e1wITe_ig,2018-11-15T18:23:50Z,https://youtube.com/watch?v=c_e1wITe_ig,False,,False,False,False
Drinking in ZERO-G! (and other challenges of a trip to Mars),SAQ-iIJkLzA,2018-11-02T19:11:59Z,https://youtube.com/watch?v=SAQ-iIJkLzA,False,,False,False,False
What Actually Causes Dandruff?,TIe2oerd25c,2018-10-24T14:00:03Z,https://youtube.com/watch?v=TIe2oerd25c,False,,False,False,False
Why Boredom is Good For You,LKPwKFigF8U,2018-09-29T14:00:05Z,https://youtube.com/watch?v=LKPwKFigF8U,False,,False,False,False
This Toy Can Open Any Garage,CNodxp9Jy4A,2018-09-19T14:00:00Z,https://youtube.com/watch?v=CNodxp9Jy4A,False,,False,False,False
How UV Causes Cancer and Aging,Cf7Ar3nEUmw,2018-09-04T14:00:02Z,https://youtube.com/watch?v=Cf7Ar3nEUmw,False,,False,False,False
Is Our Food Becoming Less Nutritious?,Yl_K2Ata6XY,2018-08-24T14:00:06Z,https://youtube.com/watch?v=Yl_K2Ata6XY,False,,False,False,False
Can You Overdose on Vitamins?,AY6Bg4GzCGs,2018-08-13T14:40:02Z,https://youtube.com/watch?v=AY6Bg4GzCGs,False,,False,False,False
The World in UV,V9K6gjR07Po,2018-07-21T13:00:03Z,https://youtube.com/watch?v=V9K6gjR07Po,False,,False,False,False
Spinning Sphere of Molten Sodium,rAYW9n8i-C4,2018-07-14T13:00:06Z,https://youtube.com/watch?v=rAYW9n8i-C4,False,,False,False,False
My Life Story,S1tFT4smd6E,2018-06-18T14:00:02Z,https://youtube.com/watch?v=S1tFT4smd6E,False,,False,False,False
Why Einstein Thought Nuclear Weapons Were Impossible,HD3k1hgbUXQ,2018-04-30T14:00:03Z,https://youtube.com/watch?v=HD3k1hgbUXQ,False,,False,False,False
The Threat of AI Weapons,XAgXwUwQoPA,2018-04-02T14:00:01Z,https://youtube.com/watch?v=XAgXwUwQoPA,False,,False,False,False
Why Mosquitoes Bite Some People More Than Others,38gVZgE39K8,2018-02-07T15:00:00Z,https://youtube.com/watch?v=38gVZgE39K8,False,,False,False,False
This Particle Breaks Time Symmetry,yArprk0q9eE,2017-12-12T15:00:07Z,https://youtube.com/watch?v=yArprk0q9eE,False,,False,False,False
World's First Car!,DL_mJeb6O04,2017-11-23T13:00:01Z,https://youtube.com/watch?v=DL_mJeb6O04,False,,False,False,False
Your Body's Molecular Machines,X_tYrnv_o6A,2017-11-20T15:00:02Z,https://youtube.com/watch?v=X_tYrnv_o6A,False,,False,False,False
Neutron Star Merger Gravitational Waves and Gamma Rays,EAyk2OsKvtU,2017-10-16T15:32:58Z,https://youtube.com/watch?v=EAyk2OsKvtU,False,,False,False,False
Schlieren Imaging in Color!,K7pQsR8WFSo,2017-10-01T03:53:54Z,https://youtube.com/watch?v=K7pQsR8WFSo,False,,False,False,False
What it’s like to watch a Total Solar Eclipse,G10m2ZZRH4U,2017-08-22T00:38:04Z,https://youtube.com/watch?v=G10m2ZZRH4U,False,,False,False,False
How We're Redefining the kg,Oo0jm1PPRuo,2017-07-12T15:19:33Z,https://youtube.com/watch?v=Oo0jm1PPRuo,False,,False,False,False
Hydrodynamic Levitation!,mNHp8iyyIjo,2017-06-26T14:00:03Z,https://youtube.com/watch?v=mNHp8iyyIjo,False,,False,False,False
How To See Air Currents,4tgOyU34D44,2017-06-15T12:00:00Z,https://youtube.com/watch?v=4tgOyU34D44,False,,False,False,False
Sandwich Bag Fire Starter,kvARvzMErnk,2017-06-08T11:00:05Z,https://youtube.com/watch?v=kvARvzMErnk,False,,False,False,False
NEW Gravitational Wave Discovery!,NVKO7UCIlgs,2017-06-01T15:00:01Z,https://youtube.com/watch?v=NVKO7UCIlgs,False,,False,False,False
World's Heaviest Weight,_k9egfWvb7Y,2017-05-24T14:00:04Z,https://youtube.com/watch?v=_k9egfWvb7Y,False,,False,False,False
Mars 2020: Nasa's Next Mission To Mars,iZCRFRgSgas,2017-05-18T14:00:06Z,https://youtube.com/watch?v=iZCRFRgSgas,False,,False,False,False
Is America Actually Metric?,SmSJXC6_qQ8,2017-05-10T14:00:04Z,https://youtube.com/watch?v=SmSJXC6_qQ8,False,,False,False,False
Fire in ZERO-G!!,xdJwG_9kF8s,2017-05-03T15:00:04Z,https://youtube.com/watch?v=xdJwG_9kF8s,False,,False,False,False
The Sun Sneeze Gene,e69XZJ9DEj0,2017-04-27T20:11:26Z,https://youtube.com/watch?v=e69XZJ9DEj0,False,,False,False,False
4 Revolutionary Riddles Resolved!,72DCj3BztG4,2017-04-18T13:30:00Z,https://youtube.com/watch?v=72DCj3BztG4,False,,False,False,False
4 Revolutionary Riddles,HgCXdNhVC1Q,2017-04-12T14:00:02Z,https://youtube.com/watch?v=HgCXdNhVC1Q,False,,False,False,False
The Bayesian Trap,R13BD8qKeTg,2017-04-05T14:00:03Z,https://youtube.com/watch?v=R13BD8qKeTg,False,,False,False,False
Does Water Swirl the Other Way in the Southern Hemisphere?,mXaad0rsV38,2017-03-20T12:30:02Z,https://youtube.com/watch?v=mXaad0rsV38,False,,False,False,False
The Science of Thinking,UBVV8pch1dM,2017-03-02T15:30:01Z,https://youtube.com/watch?v=UBVV8pch1dM,False,,False,False,False
3 Sources of Water on the Moon,hbXDLKFkjm0,2017-02-08T14:30:01Z,https://youtube.com/watch?v=hbXDLKFkjm0,False,,False,False,False
Electromagnetic Levitation Quadcopter,pCON4zfMzjU,2017-01-30T16:00:06Z,https://youtube.com/watch?v=pCON4zfMzjU,False,,False,False,False
The Real Moral Dilemma of Self-Driving Cars,WBjY3QGNdAw,2017-01-19T17:05:36Z,https://youtube.com/watch?v=WBjY3QGNdAw,False,,False,False,False
The Absurdity of Detecting Gravitational Waves,iphcyNWFD10,2017-01-05T15:00:03Z,https://youtube.com/watch?v=iphcyNWFD10,False,,False,False,False
Post-Truth: Why Facts Don't Matter Anymore,dvk2PQNcg8w,2016-12-20T16:58:23Z,https://youtube.com/watch?v=dvk2PQNcg8w,False,,False,False,False
Indestructible Coating?!,DWkYRh6OXy8,2016-12-05T14:38:19Z,https://youtube.com/watch?v=DWkYRh6OXy8,False,,False,False,False
What the Fahrenheit?!,LgrXd0NM2y8,2016-11-28T15:32:12Z,https://youtube.com/watch?v=LgrXd0NM2y8,False,,False,False,False
Is This What Quantum Mechanics Looks Like?,WIyTZDHuarQ,2016-11-02T15:00:02Z,https://youtube.com/watch?v=WIyTZDHuarQ,False,,False,False,False
Why Metals Spontaneously Fuse Together In Space,Y2nQ8isf55s,2016-10-26T14:30:00Z,https://youtube.com/watch?v=Y2nQ8isf55s,False,,False,False,False
How the Quantum Vacuum Gave Rise to Galaxies,3LyFap2aUN0,2016-10-03T14:00:00Z,https://youtube.com/watch?v=3LyFap2aUN0,False,,False,False,False
The Best and Worst Prediction in Science,g20JZ2HNZaw,2016-09-08T14:00:02Z,https://youtube.com/watch?v=g20JZ2HNZaw,False,,False,False,False
Is Most Published Research Wrong?,42QuXLucH3Q,2016-08-11T14:00:01Z,https://youtube.com/watch?v=42QuXLucH3Q,False,,False,False,False
The Illusion of Truth,cebFWOlx848,2016-07-21T14:00:03Z,https://youtube.com/watch?v=cebFWOlx848,False,,False,False,False
Stringless Yo-Yo!,-i0InwW0V9k,2016-06-28T14:00:00Z,https://youtube.com/watch?v=-i0InwW0V9k,False,,False,False,False
Celsius Made His Thermometer Upside Down,rjht4oAByCI,2016-06-14T14:00:04Z,https://youtube.com/watch?v=rjht4oAByCI,False,,False,False,False
Inside the Svalbard Seed Vault,2_OEsf-1qgY,2016-05-04T14:00:01Z,https://youtube.com/watch?v=2_OEsf-1qgY,False,,False,False,False
Svalbard - The Northernmost Town on Earth,5NhIRwCq428,2016-04-13T17:29:44Z,https://youtube.com/watch?v=5NhIRwCq428,False,,False,False,False
Science of Laser Hair Removal in SLOW MOTION,S20-1_XqVPM,2016-03-30T14:30:01Z,https://youtube.com/watch?v=S20-1_XqVPM,False,,False,False,False
Why Anecdotes Trump Data,s7MTM4BKZ_E,2016-03-23T14:30:01Z,https://youtube.com/watch?v=s7MTM4BKZ_E,False,,False,False,False
These Liquids Look Alive!,CNQf9vZqv7k,2016-03-15T14:30:00Z,https://youtube.com/watch?v=CNQf9vZqv7k,False,,False,False,False
What Exactly is the Present?,K4vyRvMASPU,2016-02-23T16:00:01Z,https://youtube.com/watch?v=K4vyRvMASPU,False,,False,False,False
Why Life Seems to Speed Up as We Age,aIx2N-viNwY,2016-02-10T15:03:52Z,https://youtube.com/watch?v=aIx2N-viNwY,False,,False,False,False
How Long Will You Live?,_dDqFB-PjWg,2015-11-25T15:00:01Z,https://youtube.com/watch?v=_dDqFB-PjWg,False,,False,False,False
Snatoms! The Magnetic Molecular Modeling Kit,He30D8M5fNc,2015-11-11T17:30:01Z,https://youtube.com/watch?v=He30D8M5fNc,False,,False,False,False
The Brightest Part of a Shadow is in the Middle,y9c8oZ49pFc,2015-10-14T19:00:01Z,https://youtube.com/watch?v=y9c8oZ49pFc,False,,False,False,False
Is Glass a Liquid?,c6wuh0NRG1s,2015-09-30T20:30:01Z,https://youtube.com/watch?v=c6wuh0NRG1s,False,,False,False,False
The Science of Six Degrees of Separation,TcxZSmzPw8k,2015-08-26T00:39:36Z,https://youtube.com/watch?v=TcxZSmzPw8k,False,,False,False,False
Our Greatest Delusion,EKR-HydGohQ,2015-08-18T14:00:01Z,https://youtube.com/watch?v=EKR-HydGohQ,False,,False,False,False
Evolutionarily Stable Strategies ft. Richard Dawkins,mUxt--mMjwA,2015-07-30T15:00:00Z,https://youtube.com/watch?v=mUxt--mMjwA,False,,False,False,False
How to Launch a Nuclear Missile,knDIENvBTgw,2015-07-27T15:00:02Z,https://youtube.com/watch?v=knDIENvBTgw,False,,False,False,False
Backspin Basketball Flies Off Dam,2OSrvzNW9FE,2015-07-15T15:00:01Z,https://youtube.com/watch?v=2OSrvzNW9FE,False,,False,False,False
Should This Lake Exist?,-OqrZG-EBaQ,2015-07-06T15:00:00Z,https://youtube.com/watch?v=-OqrZG-EBaQ,False,,False,False,False
Chernobyl - What It's Like Today,9DWnjcSo9J0,2015-06-29T15:00:00Z,https://youtube.com/watch?v=9DWnjcSo9J0,False,,False,False,False
Uranium: Twisting the Dragon's Tail,cO57Zm-WNmg,2015-06-17T15:00:02Z,https://youtube.com/watch?v=cO57Zm-WNmg,False,,False,False,False
The Truth About Toilet Swirl - Southern Hemisphere,ihv4f7VMeJw,2015-06-03T15:00:04Z,https://youtube.com/watch?v=ihv4f7VMeJw,False,,False,False,False
Ice Spikes Explained,5RLQ9WMP2Es,2015-05-28T15:00:01Z,https://youtube.com/watch?v=5RLQ9WMP2Es,False,,False,False,False
Extended: Beaker Ball Balance Problem,IJ6GfBOYeLc,2015-05-11T16:37:17Z,https://youtube.com/watch?v=IJ6GfBOYeLc,False,,False,False,False
What I Wish I Knew When I Was Younger,YMPzDiraNnA,2015-04-27T16:38:02Z,https://youtube.com/watch?v=YMPzDiraNnA,False,,False,False,False
Explained: Beaker Ball Balance Problem,stRPiifxQnM,2015-04-17T14:28:55Z,https://youtube.com/watch?v=stRPiifxQnM,False,,False,False,False
Beaker Ball Balance Problem,QD3hbVG1yxM,2015-04-13T14:00:00Z,https://youtube.com/watch?v=QD3hbVG1yxM,False,,False,False,False
How Do Chameleons Change Color?,SQggDnScsvI,2015-03-11T14:30:00Z,https://youtube.com/watch?v=SQggDnScsvI,False,,False,False,False
An Affordable 3D-Printed Arm,AcLh-aSUdx0,2015-02-26T16:00:01Z,https://youtube.com/watch?v=AcLh-aSUdx0,False,,False,False,False
An Astronaut's View of Earth,6YOz9Pxnzho,2015-02-09T16:33:14Z,https://youtube.com/watch?v=6YOz9Pxnzho,False,,False,False,False
Do Cell Phones Cause Brain Tumors?,wU5XkhUGzBs,2015-02-03T16:53:50Z,https://youtube.com/watch?v=wU5XkhUGzBs,False,,False,False,False
Quantum Entanglement & Spooky Action at a Distance,ZuvK-od647c,2015-01-12T16:00:26Z,https://youtube.com/watch?v=ZuvK-od647c,False,,False,False,False
Would You Take This Bet?,vBX-KulgJ1o,2015-01-05T16:00:07Z,https://youtube.com/watch?v=vBX-KulgJ1o,False,,False,False,False
The Most Radioactive Places on Earth,TRL7o2kPqw0,2014-12-17T16:49:43Z,https://youtube.com/watch?v=TRL7o2kPqw0,False,,False,False,False
The Most Persistent Myth,GEmuEWjHr5c,2014-12-01T15:30:03Z,https://youtube.com/watch?v=GEmuEWjHr5c,False,,False,False,False
How Were the Pyramids Built?,lotbZQ55SgU,2014-11-05T15:00:05Z,https://youtube.com/watch?v=lotbZQ55SgU,False,,False,False,False
Sparks from Falling Water: Kelvin's Thunderstorm,rv4MjaF_wow,2014-10-23T14:30:04Z,https://youtube.com/watch?v=rv4MjaF_wow,False,,False,False,False
CapitolTV's DISTRICT VOICES - District 5: Electric Sparks From Falling Water,Rwa26CXG1fc,2014-10-23T00:05:36Z,https://youtube.com/watch?v=Rwa26CXG1fc,False,,False,False,False
13 Misconceptions About Global Warming,OWXoRSIxyIU,2014-09-22T17:36:43Z,https://youtube.com/watch?v=OWXoRSIxyIU,False,,False,False,False
Climate Change is Boring,eNx9tvCrvv8,2014-08-29T22:47:26Z,https://youtube.com/watch?v=eNx9tvCrvv8,False,,False,False,False
Explained: 5 Fun Physics Phenomena,jIMihpDmBpY,2014-08-13T14:30:04Z,https://youtube.com/watch?v=jIMihpDmBpY,False,,False,False,False
5 Fun Physics Phenomena,1Xp_imnO6WE,2014-08-06T06:46:32Z,https://youtube.com/watch?v=1Xp_imnO6WE,False,,False,False,False
What is NOT Random?,sMb00lz-IfE,2014-07-16T16:34:03Z,https://youtube.com/watch?v=sMb00lz-IfE,False,,False,False,False
How Much Information?,zUDqI9PJpc8,2014-07-03T14:30:02Z,https://youtube.com/watch?v=zUDqI9PJpc8,False,,False,False,False
Why Women Are Stripey,BD6h-wDj7bw,2014-06-04T15:00:07Z,https://youtube.com/watch?v=BD6h-wDj7bw,False,,False,False,False
Misconceptions About the Universe,XBr4GkRnY04,2014-05-27T15:00:07Z,https://youtube.com/watch?v=XBr4GkRnY04,False,,False,False,False
Buoyancy Quiz,C_covjcIcZ4,2014-05-05T14:30:02Z,https://youtube.com/watch?v=C_covjcIcZ4,False,,False,False,False
Musical Fire Table!,2awbKQ2DLRE,2014-04-17T15:00:05Z,https://youtube.com/watch?v=2awbKQ2DLRE,False,,False,False,False
Why Trees Are Taller Than They Need To Be,-zShHRkwSoI,2014-04-02T15:00:05Z,https://youtube.com/watch?v=-zShHRkwSoI,False,,False,False,False
Anti-Gravity Wheel Explained,tLMpdBjA2SU,2014-03-19T19:53:37Z,https://youtube.com/watch?v=tLMpdBjA2SU,False,,False,False,False
Anti-Gravity Wheel?,GeyDf4ooPdo,2014-03-17T13:30:03Z,https://youtube.com/watch?v=GeyDf4ooPdo,False,,False,False,False
The Most Common Cognitive Bias,vKA4w2O61Xo,2014-02-24T14:30:02Z,https://youtube.com/watch?v=vKA4w2O61Xo,False,,False,False,False
Can Silence Actually Drive You Crazy?,mXVGIb3bzHI,2014-02-18T14:30:03Z,https://youtube.com/watch?v=mXVGIb3bzHI,False,,False,False,False
Facebook Fraud,oVfHeWTKjag,2014-02-10T14:30:02Z,https://youtube.com/watch?v=oVfHeWTKjag,False,,False,False,False
Will This Go Faster Than Light?,EPsG8td7C5k,2014-01-23T15:30:01Z,https://youtube.com/watch?v=EPsG8td7C5k,False,,False,False,False
We Tagged a Great White Shark!,akIBlq5xAec,2013-12-21T00:33:25Z,https://youtube.com/watch?v=akIBlq5xAec,False,,False,False,False
Bullet Block Experiment Result,N8HrMZB6_dU,2013-11-29T04:08:25Z,https://youtube.com/watch?v=N8HrMZB6_dU,False,,False,False,False
How We’re Fooled By Statistics,1tSqSMOyNFE,2013-11-23T15:00:05Z,https://youtube.com/watch?v=1tSqSMOyNFE,False,,False,False,False
How a Shark Attack Survivor Invented Cage Diving,_xU3IRbCbyQ,2013-11-06T20:31:23Z,https://youtube.com/watch?v=_xU3IRbCbyQ,False,,False,False,False
10 Facts About Great White Sharks,F69uqDIhr60,2013-10-17T16:00:08Z,https://youtube.com/watch?v=F69uqDIhr60,False,,False,False,False
How Special Relativity Makes Magnets Work,1TKSfAkWWN0,2013-09-23T13:51:09Z,https://youtube.com/watch?v=1TKSfAkWWN0,False,,False,False,False
Bullet Block Explained!,BLYoyLcdGPc,2013-08-30T15:09:15Z,https://youtube.com/watch?v=BLYoyLcdGPc,False,,False,False,False
The Bullet Block Experiment,vWVZ6APXM4w,2013-08-20T13:00:36Z,https://youtube.com/watch?v=vWVZ6APXM4w,False,,False,False,False
Slow-Mo Non-Newtonian Fluid on a Speaker,sWu9CyDwuFs,2013-08-06T06:16:14Z,https://youtube.com/watch?v=sWu9CyDwuFs,False,,False,False,False
How To Make a Quantum Bit,zNzzGgr2mhk,2013-07-23T15:16:32Z,https://youtube.com/watch?v=zNzzGgr2mhk,False,,False,False,False
How Does a Transistor Work?,IcrBqCFLHIY,2013-07-09T20:13:12Z,https://youtube.com/watch?v=IcrBqCFLHIY,False,,False,False,False
Can We Really Touch Anything?,bKldI-XGHIw,2013-06-24T16:01:38Z,https://youtube.com/watch?v=bKldI-XGHIw,False,,False,False,False
How Does a Quantum Computer Work?,g_IaVepNDT4,2013-06-17T15:01:01Z,https://youtube.com/watch?v=g_IaVepNDT4,False,,False,False,False
Do Aliens Exist?,5JGSqG8OLjE,2013-06-03T18:00:17Z,https://youtube.com/watch?v=5JGSqG8OLjE,False,,False,False,False
Why the Sky ISN'T Blue,ro2MmmdARrs,2013-05-28T19:25:37Z,https://youtube.com/watch?v=ro2MmmdARrs,False,,False,False,False
Your Mass is NOT From the Higgs Boson,Ztc6QPNUqls,2013-05-09T03:31:12Z,https://youtube.com/watch?v=Ztc6QPNUqls,False,,False,False,False
Empty Space is NOT Empty,J3xLuZNKhlY,2013-04-30T14:30:14Z,https://youtube.com/watch?v=J3xLuZNKhlY,False,,False,False,False
The Science of Jetpacks and Rockets!,Hx9TwM4Pmhc,2013-04-25T14:00:46Z,https://youtube.com/watch?v=Hx9TwM4Pmhc,False,,False,False,False
Epic Slow-Mo Drum Implosions!,xmYss_hNF4Q,2013-04-11T14:00:10Z,https://youtube.com/watch?v=xmYss_hNF4Q,False,,False,False,False
World's Roundest Object!,ZMByI4s-D-Y,2013-03-25T13:01:15Z,https://youtube.com/watch?v=ZMByI4s-D-Y,False,,False,False,False
Single Photon Interference,GzbKb59my3U,2013-03-13T14:01:06Z,https://youtube.com/watch?v=GzbKb59my3U,False,,False,False,False
What Can Frogs See That We Can't?,cztocbHiiqQ,2013-03-04T13:02:57Z,https://youtube.com/watch?v=cztocbHiiqQ,False,,False,False,False
The Original Double Slit Experiment,Iuv6hY6zsd0,2013-02-19T17:07:14Z,https://youtube.com/watch?v=Iuv6hY6zsd0,False,,False,False,False
Veritasium Trailer,5THOUSvpCKk,2013-02-11T06:09:19Z,https://youtube.com/watch?v=5THOUSvpCKk,False,,False,False,False
Why Do Venomous Animals Live In Warm Climates?,myh94hpFmJY,2013-02-06T13:30:49Z,https://youtube.com/watch?v=myh94hpFmJY,False,,False,False,False
How To Make Colour With Holes,x4I9mmd-2Rc,2013-01-21T21:14:32Z,https://youtube.com/watch?v=x4I9mmd-2Rc,False,,False,False,False
Heisenberg's Uncertainty Principle Explained,a8FTr2qMutA,2013-01-14T13:00:43Z,https://youtube.com/watch?v=a8FTr2qMutA,False,,False,False,False
What Could Survive An Atomic Bomb?,WMXhk_SATTc,2012-12-17T12:30:11Z,https://youtube.com/watch?v=WMXhk_SATTc,False,,False,False,False
Paralysed Rats Made To Walk Again,oPerfpxYJ1U,2012-12-04T13:30:12Z,https://youtube.com/watch?v=oPerfpxYJ1U,False,,False,False,False
How To Clean Up Space Junk,6wr_Zw1uGY8,2012-11-26T15:00:20Z,https://youtube.com/watch?v=6wr_Zw1uGY8,False,,False,False,False
Corn Flour Fireball,uWEp_4fHX4Y,2012-11-18T15:00:12Z,https://youtube.com/watch?v=uWEp_4fHX4Y,False,,False,False,False
World's First Electric Generator,NqdOyxJZj0U,2012-11-06T15:52:29Z,https://youtube.com/watch?v=NqdOyxJZj0U,False,,False,False,False
How Trees Bend the Laws of Physics,BickMFHAZR0,2012-10-30T13:00:52Z,https://youtube.com/watch?v=BickMFHAZR0,False,,False,False,False
What Now For The Higgs Boson?,649iUqrOKuE,2012-10-17T14:00:30Z,https://youtube.com/watch?v=649iUqrOKuE,False,,False,False,False
Levitating Barbecue! Electromagnetic Induction,txmKr69jGBk,2012-10-09T15:57:50Z,https://youtube.com/watch?v=txmKr69jGBk,False,,False,False,False
Misconceptions About Falling Objects,aRhkQTQxm4w,2012-10-01T21:28:25Z,https://youtube.com/watch?v=aRhkQTQxm4w,False,,False,False,False
Making SOLID Nitrogen!,rM04U5BO3Ug,2012-09-24T22:03:17Z,https://youtube.com/watch?v=rM04U5BO3Ug,False,,False,False,False
What's In A Candle Flame?,a7_8Gc_Llr8,2012-09-11T19:00:26Z,https://youtube.com/watch?v=a7_8Gc_Llr8,False,,False,False,False
How Can Trees Be Taller Than 10m?,qiiFMRYUEQM,2012-09-03T14:00:30Z,https://youtube.com/watch?v=qiiFMRYUEQM,False,,False,False,False
Misconceptions About Temperature,vqDbMEdLiCs,2012-08-24T11:38:39Z,https://youtube.com/watch?v=vqDbMEdLiCs,False,,False,False,False
How Does A Boomerang Work?,ADJKsLEAOHo,2012-08-17T10:46:58Z,https://youtube.com/watch?v=ADJKsLEAOHo,False,,False,False,False
"In high jump, your centre of mass goes under the bar",XBtBdNHBNSI,2012-08-09T03:17:31Z,https://youtube.com/watch?v=XBtBdNHBNSI,False,,False,False,False
How Does A Sailboat Actually Work?,M4CQ4T_K8Hw,2012-08-06T03:05:43Z,https://youtube.com/watch?v=M4CQ4T_K8Hw,False,,False,False,False
How Does A Wing Actually Work?,aFO4PBolwFg,2012-08-03T18:22:17Z,https://youtube.com/watch?v=aFO4PBolwFg,False,,False,False,False
Veritasium & Team Record Gold Invade London,2PP9lRSmmeo,2012-07-17T21:21:22Z,https://youtube.com/watch?v=2PP9lRSmmeo,False,,False,False,False
Atomic Bonding Song,ljvX-RMv_lw,2012-07-13T23:26:18Z,https://youtube.com/watch?v=ljvX-RMv_lw,False,,False,False,False
Free Higgs!,oLyfBhi3xj4,2012-07-05T11:33:24Z,https://youtube.com/watch?v=oLyfBhi3xj4,False,,False,False,False
"The First Meeting of EDUtubers! ft. CGPGrey, Vsauce, Smarter Every Day, Numberphile +more",SnrdqCQuwK8,2012-06-28T17:42:11Z,https://youtube.com/watch?v=SnrdqCQuwK8,False,,False,False,False
"Northern Lights From 100,000 ft!",5O-wAYKBBSc,2012-06-19T06:42:17Z,https://youtube.com/watch?v=5O-wAYKBBSc,False,,False,False,False
Does a Falling Slinky Defy Gravity?,uiyMuHuCFo4,2012-06-13T14:54:49Z,https://youtube.com/watch?v=uiyMuHuCFo4,False,,False,False,False
"Transit of Venus! Sydney 2012 Contacts, Contracts and Parallax",og1CzUmnSlE,2012-06-06T12:01:02Z,https://youtube.com/watch?v=og1CzUmnSlE,False,,False,False,False
Spinning Disk Trick Solution,tDr26U49_VA,2012-06-05T06:28:31Z,https://youtube.com/watch?v=tDr26U49_VA,False,,False,False,False
How Does A Slinky Fall?,mAA613hqqZ0,2012-05-27T13:50:06Z,https://youtube.com/watch?v=mAA613hqqZ0,False,,False,False,False
Gyroscopic Precession,ty9QSiVC2g0,2012-05-23T06:15:14Z,https://youtube.com/watch?v=ty9QSiVC2g0,False,,False,False,False
Spinning Disk Trick,h0SZZTBQmEs,2012-05-18T03:18:50Z,https://youtube.com/watch?v=h0SZZTBQmEs,False,,False,False,False
Why Are Astronauts Weightless?,iQOHRKKNNLQ,2012-05-13T04:04:58Z,https://youtube.com/watch?v=iQOHRKKNNLQ,False,,False,False,False
Where Does The Sun Get Its Energy?,Ux33-5k8cjg,2012-05-06T16:27:16Z,https://youtube.com/watch?v=Ux33-5k8cjg,False,,False,False,False
What Causes The Northern Lights?,knwiWm4DpvQ,2012-04-23T12:18:58Z,https://youtube.com/watch?v=knwiWm4DpvQ,False,,False,False,False
Destination: Alaska,8EGXqZRwbzw,2012-03-26T21:38:45Z,https://youtube.com/watch?v=8EGXqZRwbzw,False,,False,False,False
Why Do You Make People Look Stupid?,cY_o4A1wzsg,2012-03-18T06:29:10Z,https://youtube.com/watch?v=cY_o4A1wzsg,False,,False,False,False
Where Do Trees Get Their Mass?,2KZb2_vcNTg,2012-03-12T14:36:59Z,https://youtube.com/watch?v=2KZb2_vcNTg,False,,False,False,False
Spinning Tube Trick Answer,E9WUaBGH7_I,2012-03-07T13:39:56Z,https://youtube.com/watch?v=E9WUaBGH7_I,False,,False,False,False
Spool Trick,Bwf3msm7rqM,2012-03-07T13:19:28Z,https://youtube.com/watch?v=Bwf3msm7rqM,False,,False,False,False
Spinning Tube Trick Explained,7rAiZR_zasg,2012-03-01T15:21:30Z,https://youtube.com/watch?v=7rAiZR_zasg,False,,False,False,False
Spinning Tube Trick,wQTVcaA3PQw,2012-02-23T00:02:27Z,https://youtube.com/watch?v=wQTVcaA3PQw,False,,False,False,False
Are You Lightest In The Morning?,lL2e0rWvjKI,2012-02-12T03:52:29Z,https://youtube.com/watch?v=lL2e0rWvjKI,False,,False,False,False
World's Longest Straw,HUmZrtiXDik,2012-02-01T07:18:07Z,https://youtube.com/watch?v=HUmZrtiXDik,False,,False,False,False
The Science of Curveballs,t-3jnOIJg4k,2012-01-25T02:21:26Z,https://youtube.com/watch?v=t-3jnOIJg4k,False,,False,False,False
Koala Encounters,m8IGMFr62-Q,2012-01-15T03:55:31Z,https://youtube.com/watch?v=m8IGMFr62-Q,False,,False,False,False
What Is The Coastline Paradox?,I_rw-AJqpCM,2012-01-07T02:55:10Z,https://youtube.com/watch?v=I_rw-AJqpCM,False,,False,False,False
Candle Trick,1tXPVTIisl0,2011-12-31T05:53:54Z,https://youtube.com/watch?v=1tXPVTIisl0,False,,False,False,False
How To Make Graphene,PifL8bAybyc,2011-12-19T10:35:12Z,https://youtube.com/watch?v=PifL8bAybyc,False,,False,False,False
What Causes The Phases Of The Moon?,Jip3BbZBpsM,2011-12-12T18:33:33Z,https://youtube.com/watch?v=Jip3BbZBpsM,False,,False,False,False
A Human Being Is A Part Of The Whole,UMnQWn1rkAA,2011-12-03T15:38:43Z,https://youtube.com/watch?v=UMnQWn1rkAA,False,,False,False,False
What Is The Magnus Force?,23f1jvGUWJs,2011-11-25T03:19:28Z,https://youtube.com/watch?v=23f1jvGUWJs,False,,False,False,False
Atomic Rant,357_DHp3Nys,2011-11-11T02:54:54Z,https://youtube.com/watch?v=357_DHp3Nys,False,,False,False,False
Can You Go the Speed of Light?,vVKFBaaL4uM,2011-11-01T20:05:36Z,https://youtube.com/watch?v=vVKFBaaL4uM,False,,False,False,False
Physics Nobel Prize 2011 - Brian Schmidt,YHBvOOX3RJQ,2011-10-23T18:28:55Z,https://youtube.com/watch?v=YHBvOOX3RJQ,False,,False,False,False
Nobel Prize Winner Brian Schmidt - Physics 2011,dMwr0VYuExE,2011-10-17T00:19:33Z,https://youtube.com/watch?v=dMwr0VYuExE,False,,False,False,False
Supersized Slow-Mo Slinky Drop,JsytnJ_pSf8,2011-10-10T15:58:44Z,https://youtube.com/watch?v=JsytnJ_pSf8,False,,False,False,False
Make Plasma With Grapes In The Microwave!,RwTjsRt0Fzo,2011-10-02T06:14:26Z,https://youtube.com/watch?v=RwTjsRt0Fzo,False,,False,False,False
Slinky Drop,wGIZKETKKdw,2011-09-22T06:40:34Z,https://youtube.com/watch?v=wGIZKETKKdw,False,,False,False,False
Slinky Drop Answer,eCMmmEEyOO0,2011-09-22T05:29:26Z,https://youtube.com/watch?v=eCMmmEEyOO0,False,,False,False,False
Slinky Drop Extended,oKb2tCtpvNU,2011-09-22T02:57:11Z,https://youtube.com/watch?v=oKb2tCtpvNU,False,,False,False,False
States of Matter,KCL8zqjXbME,2011-09-15T18:22:41Z,https://youtube.com/watch?v=KCL8zqjXbME,False,,False,False,False
Imploding Drum,p3b9pK-O6cE,2011-09-07T03:53:24Z,https://youtube.com/watch?v=p3b9pK-O6cE,False,,False,False,False
What Colour Is Most Attractive?,Jeb3O87iXWI,2011-09-05T10:37:25Z,https://youtube.com/watch?v=Jeb3O87iXWI,False,,False,False,False
Chain Drop Answer 2,X-QFAB0gEtE,2011-08-30T03:12:12Z,https://youtube.com/watch?v=X-QFAB0gEtE,False,,False,False,False
Chain Drop Experiment,1erU-Cwcl2c,2011-08-30T01:28:11Z,https://youtube.com/watch?v=1erU-Cwcl2c,False,,False,False,False
Impress Her With Nanodiamonds,KzOkuGQC3Rw,2011-08-27T16:28:41Z,https://youtube.com/watch?v=KzOkuGQC3Rw,False,,False,False,False
What Is Water Made Of?,EJrmR-RGjUM,2011-08-24T22:09:59Z,https://youtube.com/watch?v=EJrmR-RGjUM,False,,False,False,False
What Is Chemistry?,CRSDxGtcsxE,2011-08-22T23:20:37Z,https://youtube.com/watch?v=CRSDxGtcsxE,False,,False,False,False
Ice Cutting Experiment,1iIv1SuS164,2011-08-21T07:46:13Z,https://youtube.com/watch?v=1iIv1SuS164,False,,False,False,False
Ice Cutting Experiment,qQCVnjGUv24,2011-08-21T05:54:46Z,https://youtube.com/watch?v=qQCVnjGUv24,False,,False,False,False
Does Pressure Melt Ice?,gM3zP72-rJE,2011-08-14T02:49:29Z,https://youtube.com/watch?v=gM3zP72-rJE,False,,False,False,False
Why Is Ice Slippery?,Stx6kLd9dYI,2011-08-05T05:42:08Z,https://youtube.com/watch?v=Stx6kLd9dYI,False,,False,False,False
How Does The Earth Spin?,9zso7ChaQXQ,2011-07-24T18:57:01Z,https://youtube.com/watch?v=9zso7ChaQXQ,False,,False,False,False
Why Does The Earth Spin?,TQxeutcYP6I,2011-07-21T16:15:14Z,https://youtube.com/watch?v=TQxeutcYP6I,False,,False,False,False
Persistence Of Vision,bcstc1ozczQ,2011-07-17T00:18:42Z,https://youtube.com/watch?v=bcstc1ozczQ,False,,False,False,False
Fire Syringe,4qe1Ueifekg,2011-07-10T15:26:11Z,https://youtube.com/watch?v=4qe1Ueifekg,False,,False,False,False
Misconceptions About Heat,hNGJ0WHXMyE,2011-06-29T08:09:46Z,https://youtube.com/watch?v=hNGJ0WHXMyE,False,,False,False,False
Can You Solve This Shadow Illusion?,liqF6EamiE4,2011-06-13T22:30:47Z,https://youtube.com/watch?v=liqF6EamiE4,False,,False,False,False
Can You Perceive Acceleration?,YJbKieEC49M,2011-05-29T23:26:31Z,https://youtube.com/watch?v=YJbKieEC49M,False,,False,False,False
Option E - Acceleration of a Bungy Jump,wzH_8TZ6oGI,2011-05-25T09:21:57Z,https://youtube.com/watch?v=wzH_8TZ6oGI,False,,False,False,False
Option D - Acceleration of a Bungy Jump,vKsof8ax_Ns,2011-05-25T09:19:10Z,https://youtube.com/watch?v=vKsof8ax_Ns,False,,False,False,False
Option C - Acceleration of a Bungy Jump,KI5CUGQET5I,2011-05-25T09:14:57Z,https://youtube.com/watch?v=KI5CUGQET5I,False,,False,False,False
Option B - Acceleration of a Bungy Jump,EyT3Yukdlu4,2011-05-25T09:10:40Z,https://youtube.com/watch?v=EyT3Yukdlu4,False,,False,False,False
Option A - Acceleration of a Bungy Jump,exG4aGlCmEE,2011-05-25T09:09:01Z,https://youtube.com/watch?v=exG4aGlCmEE,False,,False,False,False
When Is A Bungee Jumper's Acceleration Max?,FhmLBxyX8Dw,2011-05-25T09:07:13Z,https://youtube.com/watch?v=FhmLBxyX8Dw,False,,False,False,False
Veritasium Bungee Jumps!,lYc7kHXW0xg,2011-05-19T05:42:18Z,https://youtube.com/watch?v=lYc7kHXW0xg,False,,False,False,False
Where Did The Earth Come From?,zuMjnP1YbPw,2011-05-12T23:10:34Z,https://youtube.com/watch?v=zuMjnP1YbPw,False,,False,False,False
How Old Is The Earth?,5yFnO2O6XPM,2011-05-08T23:48:48Z,https://youtube.com/watch?v=5yFnO2O6XPM,False,,False,False,False
What Is Electricity? (Are You Gonna Be My Girl?),cY-kiddvAg0,2011-05-02T06:49:07Z,https://youtube.com/watch?v=cY-kiddvAg0,False,,False,False,False
Types of Radiation,tYmMtSWPQEI,2011-04-29T11:54:25Z,https://youtube.com/watch?v=tYmMtSWPQEI,False,,False,False,False
Sound + Fire = Rubens' Tube,1ZcOusmB4Ls,2011-04-12T11:30:00Z,https://youtube.com/watch?v=1ZcOusmB4Ls,False,,False,False,False
Radiation vs Radioactive Atoms,sehKAccM8p0,2011-04-09T14:18:07Z,https://youtube.com/watch?v=sehKAccM8p0,False,,False,False,False
Galileo the Scientific Parrot,UxbeLdXnaGU,2011-03-31T02:21:12Z,https://youtube.com/watch?v=UxbeLdXnaGU,False,,False,False,False
What Powers Australia?,rmI_9Hty-Lw,2011-03-28T06:09:48Z,https://youtube.com/watch?v=rmI_9Hty-Lw,False,,False,False,False
How Damaging is Radiation?,wQmnztyXwVA,2011-03-25T21:23:17Z,https://youtube.com/watch?v=wQmnztyXwVA,False,,False,False,False
Supercooled Water - Explained!,ph8xusY3GTM,2011-03-23T03:23:41Z,https://youtube.com/watch?v=ph8xusY3GTM,False,,False,False,False
What Are Atoms and Isotopes?,SeDaOigLBTU,2011-03-22T12:39:02Z,https://youtube.com/watch?v=SeDaOigLBTU,False,,False,False,False
Khan Academy and the Effectiveness of Science Videos,eVtCO84MDj8,2011-03-17T17:43:58Z,https://youtube.com/watch?v=eVtCO84MDj8,False,,False,False,False
Experiments A Cappella,lRbI_vPyOnc,2011-03-14T13:56:33Z,https://youtube.com/watch?v=lRbI_vPyOnc,False,,False,False,False
Three Incorrect Laws of Motion,Yf0BN0kq7OU,2011-03-10T22:47:14Z,https://youtube.com/watch?v=Yf0BN0kq7OU,False,,False,False,False
Is There Gravity In Space?,d57C2drB_wc,2011-03-08T21:43:20Z,https://youtube.com/watch?v=d57C2drB_wc,False,,False,False,False
Misconceptions About Falling Objects,_mCC-68LyZM,2011-03-03T15:17:37Z,https://youtube.com/watch?v=_mCC-68LyZM,False,,False,False,False
Which Hits The Ground First?,oBdalzRJR5g,2011-03-01T17:05:21Z,https://youtube.com/watch?v=oBdalzRJR5g,False,,False,False,False
Calculating Gravitational Attraction,SN1Q5ru2fI0,2011-02-28T07:15:53Z,https://youtube.com/watch?v=SN1Q5ru2fI0,False,,False,False,False
Best Film on Newton's Third Law. Ever.,8bTdMmNZm2M,2011-02-25T10:57:23Z,https://youtube.com/watch?v=8bTdMmNZm2M,False,,False,False,False
What Is Gravity?,mezkHBPLZ4A,2011-02-22T14:02:42Z,https://youtube.com/watch?v=mezkHBPLZ4A,False,,False,False,False
Why Does the Moon Orbit Earth?,zN6kCa6xi9k,2011-02-22T01:57:46Z,https://youtube.com/watch?v=zN6kCa6xi9k,False,,False,False,False
What Forces Are Acting On You?,aJc4DEkSq4I,2011-02-18T21:47:07Z,https://youtube.com/watch?v=aJc4DEkSq4I,False,,False,False,False
What is a Force?,GmlMV7bA0TM,2011-02-18T02:52:19Z,https://youtube.com/watch?v=GmlMV7bA0TM,False,,False,False,False
How Far Away is the Moon? (The Scale of the Universe),Bz9D6xba9Og,2011-02-17T15:24:41Z,https://youtube.com/watch?v=Bz9D6xba9Og,False,,False,False,False
Gravity (Scientific Version of John Mayer's Gravity),u7KpH9_I2Dw,2011-02-13T03:01:06Z,https://youtube.com/watch?v=u7KpH9_I2Dw,False,,False,False,False
Egg Experiment to Demonstrate Inertia,7LGi-Dlb8Vs,2011-02-09T10:38:01Z,https://youtube.com/watch?v=7LGi-Dlb8Vs,False,,False,False,False
The Difference Between Mass and Weight,_Z0X0yE8Ioc,2011-02-07T17:13:23Z,https://youtube.com/watch?v=_Z0X0yE8Ioc,False,,False,False,False
Scientific Notation - Example,-vomqiURUgA,2011-02-04T00:16:02Z,https://youtube.com/watch?v=-vomqiURUgA,False,,False,False,False
I'm Atoms (Scientific Cover of Jason Mraz's I'm Yours),DBjZz0iQrzI,2011-02-02T17:19:07Z,https://youtube.com/watch?v=DBjZz0iQrzI,False,,False,False,False
Scientific Notation - Explained!,WwmJ5nMmigQ,2011-02-02T15:21:32Z,https://youtube.com/watch?v=WwmJ5nMmigQ,False,,False,False,False
Cathode Rays Lead to Thomson's Model of the Atom,2xKZRpAsWL8,2011-02-02T06:10:11Z,https://youtube.com/watch?v=2xKZRpAsWL8,False,,False,False,False
Thomson's Plum Pudding Model of the Atom,JUJPyQtoB5E,2011-01-28T01:09:53Z,https://youtube.com/watch?v=JUJPyQtoB5E,False,,False,False,False
Atomic Theory,U2g1H5wPmUE,2011-01-07T10:53:55Z,https://youtube.com/watch?v=U2g1H5wPmUE,False,,False,False,False
What causes the seasons?,b3TRUDKpoAs,2010-08-16T14:31:44Z,https://youtube.com/watch?v=b3TRUDKpoAs,False,,False,False,False
How long does it take for the earth to go around the sun?,cU2dZz18P0c,2010-08-15T15:59:08Z,https://youtube.com/watch?v=cU2dZz18P0c,False,,False,False,False
